Workbook

Sheet 前置信息
A2: 容积率 | B2: 小于2.5
A3: 地下室层数 | B3: 2
A4: 桩基形式 | B4: 灌注桩
A5: 水平支撑层数 | B5: 0
A6: 首开示范区面积 | B6: 小于7000㎡
A7: 有无架空层 | B7: 无
A8: 地上最高层数 | B8: 16
A9: 有无开发贷 | B9: 无
A10: 交付形式 | B10: 精装
A11: 有无户内改造 | B11: 无
A12: 外立面形式 | B12: 保温涂料

Sheet 节点计划 (终稿)
D2: 项目里程碑节点、一级节点、二级节点清单（2026）
A3: 里程碑序号 | B3: 一级节点序号 | C3: 二级节点序号 | D3: 类别 | E3: 项目开发节点名称 | F3: 主责专业 | G3: 项目内控开始时间 | H3: 工期 | I3: 项目内控完成时间 | J3: 考核版完成时间 | K3: 履约版完成时间 | L3: 计划模板工期完成时间（仅供参考，含批量精装） | M3: 集团标准期量描述 （18F高层） | N3: 集团标准期量描述 （4F及以下） | O3: 集团标准期量描述 （6F叠拼） | P3: 集团标准期量描述 （8F洋房） | Q3: 集团标准期量描述 （11F小高层） | R3: 集团标准期量描述 （27F高层） | S3: 集团标准期量描述 （33F高层） | T3: 定义/成果/记录表单 | U3: 支持性文件
B4: 1 | D4: 一级 | E4: 代建合同签订 | F4: 发展 | M4: 代建合同签订 | N4: 代建合同签订 | O4: 代建合同签订 | P4: 代建合同签订 | Q4: 代建合同签订 | R4: 代建合同签订 | S4: 代建合同签订 | T4: 代建合同签约文本
B5: 2 | D5: 一级 | E5: 取得《国有土地使用权证》 | F5: 前期 | T5: 《国有土地使用证》
B6: 3 | D6: 一级 | E6: 项目启动 | F6: 发展 | L6: 44914 | M6: 土地确权并定金支付 | N6: 土地确权并定金支付 | O6: 基准点 | P6: 基准点 | Q6: 基准点 | R6: 基准点 | S6: 基准点 | T6: 签约、支付首笔代建费定金、土地已确权
B7: 4 | D7: 一级 | E7: 完成项目交底会 | F7: 发展 | L7: =L6+3 -> 44917 | M7: T0后3天内 | N7: T0后3天内 | O7: T0后3天内 | P7: T0后3天内 | Q7: T0后3天内 | R7: T0后3天内 | S7: T0后3天内 | T7: 项目交底会报告及成果 | U7: GTBG84100-2022《项目运营手册运营管理弦》
B8: 5 | D8: 一级 | E8: 完成项目定位会 | F8: 客研 | L8: =L6+10 -> 44924 | M8: T0后10天内 | N8: T0后10天内 | O8: T0后10天内 | P8: T0后10天内 | Q8: T0后10天内 | R8: T0后10天内 | S8: T0后10天内 | T8: 项目市场分析及定位报告；集团定位评审会会议纪要；定位意见修改反馈 | U8: GTBO51000-2021《项目运营手册营销弦》
B9: 6 | D9: 一级 | E9: 规划、建筑设计合同签订 | F9: 设计 | L9: =L6+10 -> 44924 | M9: T0后10天内 | N9: T0后10天内 | O9: T0后10天内 | P9: T0后10天内 | Q9: T0后10天内 | R9: T0后10天内 | S9: T0后10天内 | T9: 1、规划建筑设计合同 2、规划建筑设计单位选择报告 3、设计供方考察报告（新供方） | U9: 1、GTBG91100-2021 《规划设计类供方管理标准》 2、GTBO21100-2021 《项目运营手册设计弦之规划设计分弦》 3、GTBG92601-2018 《同步设计操作手册》 4、GTBG91100-2021 《规划设计供方管理标准 》
C10: 1 | D10: 二级 | E10: 精装设计单位选择及合同签订 | F10: 精装修 | L10: =L6+10 -> 44924 | M10: T0后10天 | N10: T0后10天 | O10: T0后10天 | P10: T0后10天 | Q10: T0后10天 | R10: T0后10天 | S10: T0后10天 | T10: 1、精装修设计合同 2、精装修设计单位选择报告 3、设计供方考察报告（新供方） | U10: 1、GTBG91300-2021 《精装修设计类供方管理标准》 2、GTBO24100-2021 《项目运营手册设计弦之精装修设计分弦》 3、GTBG92601-2018 《同步设计操作手册》
C11: 2 | D11: 二级 | E11: 景观设计单位选择及合同签订 | F11: 景观 | L11: =L6+10 -> 44924 | M11: T0后10天 | N11: T0后10天 | O11: T0后10天 | P11: T0后10天 | Q11: T0后10天 | R11: T0后10天 | S11: T0后10天 | T11: 1、景观设计合同 2、景观设计单位选择报告 3、设计供方考察报告（新供方） | U11: 1、GTBG91200-2021 《景观设计类供方管理标准》 2、GTBO23100-2021 《项目运营手册设计弦之景观设计分弦》
C12: 3 | D12: 二级 | E12: 规划建筑设计任务书编制及修订 | F12: 设计 | L12: =L6+10 -> 44924 | M12: T0后10天 | N12: T0后10天 | O12: T0后10天 | P12: T0后10天 | Q12: T0后10天 | R12: T0后10天 | S12: T0后10天 | T12: 规划建筑设计任务书。项目启动后10天内完成定位，30天完成方案设计 | U12: 1、GTBO21100-2021 《项目运营手册设计弦之规划设计分弦》
C13: 4 | D13: 二级 | E13: 完成样板房/区、销展中心定位及选址 | F13: 营销 | L13: =L6+10 -> 44924 | M13: T0后10天 | N13: T0后10天 | O13: T0后10天 | P13: T0后10天 | Q13: T0后10天 | R13: T0后10天 | S13: T0后10天 | T13: 选址和定位方案 | U13: 会议评审流转记录
C14: 5 | D14: 二级 | E14: 智能化设计单位选择及合同签订 | F14: 智能化 | L14: =L6+10 -> 44924 | M14: T0后10天 | N14: T0后10天 | O14: T0后10天 | P14: T0后10天 | Q14: T0后10天 | R14: T0后10天 | S14: T0后10天 | T14: 1、智能化设计单位选择请示报告 2、智能化设计合同 | U14: 1、GTBO22100-2021《项目运营手册设计弦之专项设计分弦》
C15: 6 | D15: 二级 | E15: 专项设计（幕墙、门窗、基坑围护等）单位选择及合同签订 | F15: 设计 | L15: =L6+10 -> 44924 | M15: T0后10天 | N15: T0后10天 | O15: T0后10天 | P15: T0后10天 | Q15: T0后10天 | R15: T0后10天 | S15: T0后10天 | T15: 1、幕墙门窗设计任务书 2、专项设计合同 | U15: 1、GTBG91100-2021 《规划设计类供方管理标准》 2、GTBO21100-2021 《项目运营手册设计弦之规划设计分弦》 3、GTBG92601-2018 《同步设计操作手册》
A16: 1 | D16: 里程碑 | E16: 经营策划会 | F16: 运营 | L16: =L6+30 -> 44944 | M16: T0后30天内 | N16: T0后30天内 | O16: T0后30天内 | P16: T0后30天内 | Q16: T0后30天内 | R16: T0后30天内 | S16: T0后30天内 | T16: 项目经营策划会报告及成果 | U16: GTBG84100-2022《项目运营手册运营管理弦》
C17: 7 | D17: 二级 | E17: 地质详勘完成（首开区） | F17: 工程 | L17: =L6+30 -> 44944 | M17: T0后30天内 | N17: T0后30天内 | O17: T0后30天内 | P17: T0后30天内 | Q17: T0后30天内 | R17: T0后30天内 | S17: T0后30天内 | T17: 提供首开区阶段报告
B18: 7 | D18: 一级 | E18: 规划、建筑方案设计通过集团评审 | F18: 设计 | L18: =L6+35 -> 44949 | M18: T0后35天 | N18: T0后35天 | O18: T0后35天 | P18: T0后35天 | Q18: T0后35天 | R18: T0后35天 | S18: T0后35天 | T18: 1、《评审会议纪要》 2、《绿城管理集团图审核心点审查表》 3、《绿城管理集团定位复核审查表》 4、《项目设计规范及报批信息落实表》 5、《预评审意见表》 6、《意见落实情况表》 7、同步设计落实情况 8、修改完善的方案文本（必须含CAD、效果图） | U18: 1、GTBO21100-2021 《项目运营手册设计弦之规划设计分弦》 2、GTBG92600-2018 《设计评审管理规定》 3、GTBG92601-2018 《同步设计操作手册》 4、GTBP13004-2020 《住宅项目建筑施工图评审要点》 5、GTBP5200X 《建筑工程营造工艺工法标准-XX篇》
C19: 8 | D19: 二级 | E19: 五通一平检查 | F19: 工程 | L19: =L6+40 -> 44954 | M19: T0后40天内 | N19: T0后40天内 | O19: T0后40天内 | P19: T0后40天内 | Q19: T0后40天内 | R19: T0后40天内 | S19: T0后40天内 | T19: 现场五通一平检查表 | U19: 1、GTBO31100-2017B《项目运营手册工程弦之建安分弦》-《31108 五通一平节点标准》
C20: 9 | D20: 二级 | E20: 样板区景观方案设计完成并通过评审 | F20: 景观 | L20: =L82-150 -> 44974 | M20: 开放前150天 | N20: 开放前150天 | O20: 开放前150天 | P20: 开放前150天 | Q20: 开放前150天 | R20: 开放前150天 | S20: 开放前150天 | T20: 1、景观样板区方案设计成果； 2、样板区方案评审会会议纪要； 3、绿城管理集团图审核心点审查表； | U20: 1、GTBO23100-2021 《项目运营手册设计弦之景观设计分弦》； 2、GTBP33100-2020 《景观设计评审要点》； 3、各类管控主体《管理审批权限表》；
C21: 10 | D21: 二级 | E21: 拆迁完成 | F21: 前期 | L21: =L6+60 -> 44974 | M21: T0后60天 | N21: T0后60天 | O21: T0后60天 | P21: T0后60天 | Q21: T0后60天 | R21: T0后60天 | S21: T0后60天 | T21: 地块附着物拆迁完成移交施工
C22: 11 | D22: 二级 | E22: 营销团队到岗/广告公司确定 | F22: 营销 | L22: =L93-180 -> 44974 | M22: 首次开盘前180天 | N22: 首次开盘前180天 | O22: 首次开盘前180天 | P22: 首次开盘前180天 | Q22: 首次开盘前180天 | R22: 首次开盘前180天 | S22: 首次开盘前180天 | T22: 方案和审批记录 | U22: 案名申请文件
C23: 12 | D23: 二级 | E23: 合约规划 | F23: 成本 | L23: =L40+15 -> 45017 | M23: 方案版目标成本审批后15天 | N23: 方案版目标成本审批后15天 | O23: 方案版目标成本审批后15天 | P23: 方案版目标成本审批后15天 | Q23: 方案版目标成本审批后15天 | R23: 方案版目标成本审批后15天 | S23: 方案版目标成本审批后15天 | T23: 施工图版目标成本审批确定后一个月内 项目合约规划 | U23: 1、GTBO41100-2021 《项目运营手册成本弦》
C24: 13 | D24: 二级 | E24: 样板区精装修方案设计完成 | F24: 精装修 | L24: =L89-140 -> 44999 | M24: 开放前140天 | N24: 开放前140天 | O24: 开放前140天 | P24: 开放前140天 | Q24: 开放前140天 | R24: 开放前140天 | S24: 开放前140天 | T24: 1、样板区精装修方案设计成果； 2、绿城管理集团图审核心点审查表 ； 3、方案评审会会议纪要； | U24: 1、GTBO24100-2021 《项目运营手册设计弦之精装修设计分弦》； 2、GTBP43002-2020 《住宅类项目室内方案设计评审要点》； 3、各类管控主体《管理审批权限表》；
A25: 2 | D25: 里程碑 | E25: 取得规划建筑设计方案批复 | F25: 前期 | L25: 44972 | M25: T0后70天 | N25: T0后70天 | O25: T0后75天 | P25: T0后75天 | Q25: T0后75天 | R25: T0后75天 | S25: T0后75天 | T25: 方案批复文件
C26: 14 | D26: 二级 | E26: 基坑方案设计完成并评审 | F26: 设计 | L26: =L25+5 -> 44977 | M26: 方案批复后5天内 | N26: 方案批复后5天内 | O26: 方案批复后5天内 | P26: 方案批复后5天内 | Q26: 方案批复后5天内 | R26: 方案批复后5天内 | S26: 方案批复后5天内 | T26: 1、评审会议纪要 2、预评审意见表 3、意见落实情况表 4、图纸资料 | U26: 1、GTBO21100-2021 《项目运营手册设计弦之规划设计分弦》 2、GTBG92004-2017 《建筑基坑及边坡工程管理标准》
C27: 15 | D27: 二级 | E27: 桩基施工图完成（首开区） | F27: 设计 | L27: =L25+7 -> 44979 | M27: 方案批复后7天内 | N27: 方案批复后7天内 | O27: 方案批复后7天内 | P27: 方案批复后7天内 | Q27: 方案批复后7天内 | R27: 方案批复后7天内 | S27: 方案批复后7天内
C28: 16 | D28: 二级 | E28: 桩基工程合同签订 | F28: 成本 | L28: =L25+30 -> 45002 | M28: 方案批复后30天内 | N28: 方案批复后30天内 | O28: 方案批复后30天内 | P28: 方案批复后30天内 | Q28: 方案批复后30天内 | R28: 方案批复后30天内 | S28: 方案批复后30天内 | T28: 合同流转完成，提交流程审批单 | U28: 1、GTBG91400-2020 《施工供方管理标准》
C29: 17 | D29: 二级 | E29: 售楼处建筑施工图完成 | F29: 设计 | L29: =IF(前置信息!$B$8<=4,L82-130,IF(AND(前置信息!$B$8>11,前置信息!$B$8<27),L82-130,L82-120)) -> 44994 | M29: 开放前130天 | N29: 开放前130天 | O29: 开放前120天 | P29: 开放前120天 | Q29: 开放前120天 | R29: 开放前120天 | S29: 开放前120天 | T29: 完成施工图，提交工程施工；提供设计成果确认单
C30: 18 | D30: 二级 | E30: 售楼处开工 | F30: 工程 | L30: =L82-125 -> 44999 | M30: 开放前125天 | N30: 开放前125天 | O30: 开放前125天 | P30: 开放前125天 | Q30: 开放前125天 | R30: 开放前125天 | S30: 开放前125天 | T30: 售楼处桩基或土方开始大面施工
B31: 8 | D31: 一级 | E31: 全景计划评审 | F31: 运营 | L31: =L25+15 -> 44987 | M31: 方案批复后15天内 | N31: 方案批复后15天内 | O31: 方案批复后15天内 | P31: 方案批复后15天内 | Q31: 方案批复后15天内 | R31: 方案批复后15天内 | S31: 方案批复后15天内 | T31: 方案批复后15天内 | U31: GTBO84100-2021《项目运营手册运营管理弦》
C32: 19 | D32: 二级 | E32: 样板区景观施工图设计完成并通过评审 | F32: 景观 | L32: =L82-125 -> 44999 | M32: 售楼处开放前125天 | N32: 售楼处开放前125天 | O32: 售楼处开放前125天 | P32: 售楼处开放前125天 | Q32: 开放前125天 | R32: 售楼处开放前125天 | S32: 售楼处开放前125天 | T32: 1、景观样板区施工图设计成果； 2、景观样板区施工图评审会会议纪要； 3、绿城管理集团图审核心点审查表； | U32: 1、GTBO23100-2021 《项目运营手册设计弦之景观设计分弦》； 2、GTBP33100-2020 《景观设计评审要点》； 3、各类管控主体《管理审批权限表》； 4、GTBP34001-2017 《景观重要节点标准图集》；
C33: 20 | D33: 二级 | E33: 样板房建筑施工图完成 | F33: 设计 | L33: =L89-135 -> 45004 | M33: 样板房开放前135天 | N33: 样板房开放前135天 | O33: 样板房开放前135天 | P33: 样板房开放前135天 | Q33: 样板房开放前135天 | R33: 样板房开放前135天 | S33: 样板房开放前135天 | T33: 完成施工图，提交工程施工；提供设计成果确认单
C34: 21 | D34: 二级 | E34: 工程策划完成 | F34: 工程 | L34: =IF(前置信息!$B$8<=4,L52-15,IF(AND(前置信息!$B$8>11,前置信息!$B$8<27),L52-15,L16+15)) -> 44989 | M34: 开工前15天 | N34: 开工前15天 | O34: 经营策划会后15天 | P34: 经营策划会后15天 | Q34: 经营策划会后15天 | R34: 经营策划会后15天 | S34: 经营策划会后15天 | T34: 1、工程策划书 2、目标责任分解表 | U34: 1、GTBO31100-2017B《项目运营手册工程弦之建安分弦》
C35: 22 | D35: 二级 | E35: 软装设计单位选择（含方案评审） | F35: 精装修 | L35: =IF(前置信息!$B$8<=4,L82-120,IF(AND(前置信息!$B$8>11,前置信息!$B$8<27),L82-120,L82-90)) -> 45004 | M35: 售楼处开放前120天 | N35: 售楼处开放前120天 | O35: 售楼处开放前90天 | P35: 售楼处开放前90天 | Q35: 开放前90天 | R35: 售楼处开放前90天 | S35: 售楼处开放前90天 | T35: 合同流转完成，提交流程审批单 | U35: 1、GTBG91400-2020 《施工供方管理标准》
B36: 9 | D36: 一级 | E36: 营销全案策略会 | F36: 营销 | L36: =IF(前置信息!$B$8<=4,L93-150,IF(AND(前置信息!$B$8>11,前置信息!$B$8<27),L93-150,L93-120)) -> 45004 | M36: 首次开盘前150天 | N36: 首次开盘前150天 | O36: 首次开盘前120天 | P36: 首次开盘前120天 | Q36: 首次开盘前120天 | R36: 首次开盘前120天 | S36: 首次开盘前120天 | T36: 营销全案策略评审纪要及相关成果 | U36: 《项目首次开盘方案》
C37: 23 | D37: 二级 | E37: 桩基施工完成（首开区） | F37: 工程 | L37: =L28+15 -> 45017 | M37: 桩基工程合同签订后15天 | N37: 桩基工程合同签订后15天 | O37: 桩基工程合同签订后15天 | P37: 桩基工程合同签订后15天 | Q37: 桩基工程合同签订后15天 | R37: 桩基工程合同签订后15天 | S37: 桩基工程合同签订后15天 | T37: 首开区桩基施工完成并具备土方开挖条件
B38: 10 | D38: 一级 | E38: 取得《建设工程规划许可证》 | F38: 前期 | L38: =L25+25 -> 44997 | M38: 方案批复后25天内 | N38: 方案批复后25天内 | O38: 方案批复后25天 | P38: 方案批复后25天 | Q38: 方案批复后25天 | R38: 方案批复后25天 | S38: 方案批复后25天 | T38: 《建设工程规划许可证》
B39: 11 | D39: 一级 | E39: 全景计划指标委托方签确 | F39: 运营 | L39: =L31+10 -> 44997 | M39: 全景计划评审后10天内 | N39: 全景计划评审后10天内 | O39: 全景计划评审后10天内 | P39: 全景计划评审后10天内 | Q39: 全景计划评审后10天内 | R39: 全景计划评审后10天内 | S39: 全景计划评审后10天内 | T39: 全景计划评审后10天内
B40: 12 | D40: 一级 | E40: 方案版目标成本审批完成 | F40: 成本 | L40: =L25+30 -> 45002 | M40: 方案批复后30天内 | N40: 方案批复后30天内 | O40: 方案批复后30天内 | P40: 方案批复后30天内 | Q40: 方案批复后30天内 | R40: 方案批复后30天内 | S40: 方案批复后30天内 | T40: 方案批复后30天内 流程审批完成，提交流程审批单 | U40: 1、GTBO41100-2021 《项目运营手册成本弦》
B41: 13 | D41: 一级 | E41: 批量建筑施工图设计完成 | F41: 设计 | L41: =L25+30 -> 45002 | M41: 方案批复后30天 | N41: 方案批复后30天 | O41: 方案批复后30天 | P41: 方案批复后30天 | Q41: 方案批复后30天 | R41: 方案批复后30天 | S41: 方案批复后30天 | T41: 1、评审会议纪要 2、施工图图审单位意见 3、图纸资料 | U41: 1、GTBO21100-2021 《项目运营手册设计弦之规划设计分弦》 2、GTBG92601-2018 《同步设计操作手册》 3、GTBP13004-2020 《住宅项目建筑施工图评审要点》 4、GTBP5200X 《建筑工程营造工艺工法标准-XX篇》
B42: 14 | D42: 一级 | E42: 总包及监理单位合同签订 | F42: 成本 | L42: =L25+30 -> 45002 | M42: 方案批复后30天 | N42: 方案批复后30天 | O42: 方案批复后30天 | P42: 方案批复后30天 | Q42: 方案批复后30天 | R42: 方案批复后30天 | S42: 方案批复后30天 | T42: 合同流转完成，提交流程审批单 | U42: 1、GTBG91400-2020《施工供方管理标准》
C43: 24 | D43: 二级 | E43: 建筑扩初设计完成 | F43: 设计 | L43: =L25+15 -> 44987 | M43: 方案批复后15天内 | T43: 1、评审会议纪要 2、绿城管理集团图审核心点审查表 3、预评审意见表 4、意见落实情况表 5、同步设计落实情况 6、图纸资料 | U43: 1、GTBO21100-2021 《项目运营手册设计弦之规划设计分弦》 2、GTBG92600-2018 《设计评审管理规定》 3、GTBG92601-2018 《同步设计操作手册》 4、GTBP13003-2020 《住宅项目建筑初步设计评审要点》
C44: 25 | D44: 二级 | E44: 质监、安监手续办理完成 | F44: 前期 | L44: =L38+5 -> 45002 | M44: 取得《建设工程规划许可证》后5天 | N44: 取得《建设工程规划许可证》后5天 | O44: 取得《建设工程规划许可证》后5天 | P44: 取得《建设工程规划许可证》后5天 | Q44: 取得《建设工程规划许可证》后5天 | R44: 取得《建设工程规划许可证》后5天 | S44: 取得《建设工程规划许可证》后5天 | T44: 取得质监站相应文件
C45: 26 | D45: 二级 | E45: 样板区精装修施工图设计完成 | F45: 精装修 | L45: =IF(前置信息!$B$8<=4,L82-110,IF(AND(前置信息!$B$8>11,前置信息!$B$8<27),L82-110,L82-120)) -> 45014 | M45: 售楼处开放前110天 | N45: 售楼处开放前110天 | O45: 售楼处开放前120天 | P45: 售楼处开放前120天 | Q45: 开放前120天 | R45: 售楼处开放前120天 | S45: 售楼处开放前120天 | T45: 1、精装修样板区施工图设计成果 ； 2、绿城管理集团图审核心点审查表； 3、样板区施工图评审会会议纪要 ； 4、精装修材料的封样； | U45: 1、GTBO24100-2021 《项目运营手册设计弦之精装修设计分弦》； 2、GTBP43004-2020 《住宅类项目室内施工图设计评审要点 》 3、各类管控主体《管理审批权限表》；
C46: 27 | D46: 二级 | E46: 园区景观方案设计完成并通过评审 | F46: 景观 | L46: =L25+30 -> 45002 | M46: 规划设计方案批复后30天 | N46: 规划设计方案批复后30天 | O46: 规划设计方案批复后30天 | P46: 规划设计方案批复后30天 | Q46: 规划设计方案批复后30天 | R46: 规划设计方案批复后30天 | S46: 规划设计方案批复后30天
C47: 28 | D47: 二级 | E47: 智能化方案设计完成 | F47: 智能化 | L47: =L25+30 -> 45002 | M47: 规划设计方案批复后30天 | N47: 规划设计方案批复后30天 | O47: 规划设计方案批复后30天 | P47: 规划设计方案批复后30天 | Q47: 规划设计方案批复后30天 | R47: 规划设计方案批复后30天 | S47: 规划设计方案批复后30天 | T47: 1、评审会议纪要 2、意见落实情况表 3、智能化设计方案（修改后） | U47: 1、GTBO22100-2021《项目运营手册设计弦之专项设计分弦》; 2、GTH8291-2018《住宅建筑智能化设计导则》
D48: 三级 | E48: 外立面深化图设计完成 | F48: 设计 | L48: =L41+60 -> 45062 | M48: 批量建筑施工图完成后60天
C49: 29 | D49: 二级 | E49: 外立面材料小样定样 | F49: 设计 | L49: =L25+30 -> 45002 | M49: 规划设计方案批复后30天 | N49: 规划设计方案批复后30天 | O49: 规划设计方案批复后30天 | P49: 规划设计方案批复后30天 | Q49: 规划设计方案批复后30天 | R49: 规划设计方案批复后30天 | S49: 规划设计方案批复后30天 | T49: 1、外立面材料选样记录表 2、影像资料 | U49: 1、GTBO21100-2021 《项目运营手册设计弦之规划设计分弦》
C50: 30 | D50: 二级 | E50: 总包单位进场 | F50: 工程 | L50: =L42+1 -> 45003 | M50: 总包单位合同签订后1天 | N50: 总包中标后10天 | O50: 总包中标后10天 | P50: 总包中标后10天 | Q50: 总包中标后10天 | R50: 总包中标后10天 | S50: 总包中标后10天 | T50: 临设搭建完成，主要施工人员进场
C51: 31 | D51: 二级 | E51: 场地移交、标高复核、水电移交 | F51: 工程 | L51: =L50+1 -> 45004 | M51: 总包进场后1天 | N51: 总包确定后3天 | O51: 总包确定后3天 | P51: 总包确定后3天 | Q51: 总包确定后3天 | R51: 总包确定后3天 | S51: 总包确定后3天 | T51: 1、工程开工准备工作计划； 2、工程场地移交验收表； 3、 施工准备工作完成情况检查表。 | U51: 1、GTBO31100-2017B《项目运营手册工程弦之建安分弦》-《31112 中标单位进场及开工准备节点标准》
B52: 15 | D52: 一级 | E52: 正式开工（开工） | F52: 工程 | L52: =L53 -> 45004 | M52: 施工证取得同一天或事实开工 | N52: 施工证取得同一天或事实开工 | O52: 施工证取得同一天 | P52: 施工证取得同一天 | Q52: 施工证取得同一天 | R52: 施工证取得同一天 | S52: 施工证取得同一天 | T52: 开工时点默认为施工许可取得同一天 形象照片，桩基进场连续施工或土方大面积开挖
A53: 3 | D53: 里程碑 | E53: 取得《建筑工程施工许可证》 | F53: 前期 | L53: =L38+7 -> 45004 | M53: 《建设工程规划许可证》后7天 | N53: 《建设工程规划许可证》后7天 | O53: 《建设工程规划许可证》后7天 | P53: 《建设工程规划许可证》后7天 | Q53: 《建设工程规划许可证》后7天 | R53: 《建设工程规划许可证》后7天 | S53: 《建设工程规划许可证》后7天 | T53: 取得《工程施工许可证》
C54: 32 | D54: 二级 | E54: 组织工程启动会 | F54: 工程 | L54: =L42+3 -> 45005 | M54: 总包确定后3天 | N54: 总包确定后3天 | O54: 总包确定后3天 | P54: 总包确定后3天 | Q54: 总包确定后3天 | R54: 总包确定后3天 | S54: 总包确定后3天 | T54: 工程启动会会议纪要 | U54: 1、GTBO31100-2017B《项目运营手册工程弦之建安分弦》-《31118 第一次工地会议节点标准》
B55: 16 | D55: 一级 | E55: 取得施工图审图合格证 | F55: 设计 | L55: =L41+3 -> 45005 | M55: 批量建筑施工图设计完成后3天 | N55: 批量建筑施工图设计完成后3天 | O55: 批量建筑施工图设计完成后5天 | P55: 批量建筑施工图设计完成后5天 | Q55: 批量建筑施工图设计完成后5天 | R55: 批量建筑施工图设计完成后5天 | S55: 批量建筑施工图设计完成后5天 | T55: 取得施工图审图合格证
C56: 33 | D56: 二级 | E56: 营销团队组建完成 | F56: 营销 | L56: =IF(AND(前置信息!$B$8>11,前置信息!$B$8<27),L93-132,L93-30) -> 45022 | M56: 首次开盘前135天 | N56: 首次开盘前30天 | O56: 首次开盘前30天 | P56: 首次开盘前30天 | Q56: 首次开盘前30天 | R56: 首次开盘前30天 | S56: 首次开盘前30天 | T56: 定价方案评审会议纪要 | U56: 项目价格表
C57: 34 | D57: 二级 | E57: 施工图会审及设计交底（各专业） | F57: 工程 | L57: =L42+7 -> 45009 | M57: 总包确定后7天 | N57: 总包确定后7天 | O57: 总包确定后7天 | P57: 总包确定后7天 | Q57: 总包确定后7天 | R57: 总包确定后7天 | S57: 总包确定后7天 | T57: 1、图纸内部审查意见记录表 ； 2、图纸会审纪要； | U57: 1、GTBO31100-2017B《项目运营手册工程弦之建安分弦》-《31117 图纸会审节点标准》 2、GTBO21100-2021《项目运营手册设计弦之规设计分弦》 3、GTBG26200-2021 《责任追究管理办法》
C58: 35 | D58: 二级 | E58: 深基坑/高边坡施工方案专家评审 | F58: 工程 | L58: =L42+10 -> 45012 | M58: 总包确定后10天 | N58: 总包确定后10天 | O58: 总包确定后10天 | P58: 总包确定后10天 | Q58: 总包确定后10天 | R58: 总包确定后10天 | S58: 总包确定后10天 | T58: 形成评审会议纪要 | U58: 1、GTBO31100-2017B《项目运营手册工程弦之建安分弦》
C59: 36 | D59: 二级 | E59: 超过一定规模的危险性较大的分部分项工程专项施工方案专家评审 | F59: 工程 | L59: =L42+10 -> 45012 | M59: 总包确定后10天 | N59: 总包确定后10天 | O59: 总包确定后10天 | P59: 总包确定后10天 | Q59: 总包确定后10天 | R59: 总包确定后10天 | S59: 总包确定后10天 | T59: 形成评审会议纪要 | U59: 1、各类管控主体《管理审批权限表》；
C60: 37 | D60: 二级 | E60: 样板区精装修施工合同签订 | F60: 成本 | L60: =L82-90 -> 45034 | M60: 售楼处开放前90天 | N60: 售楼处开放前90天 | O60: 售楼处开放前90天 | P60: 售楼处开放前90天 | Q60: 售楼处开放前90天 | R60: 售楼处开放前90天 | S60: 售楼处开放前90天 | T60: 合同流转完成，提交流程审批单 | U60: 1、GTBG91400-2020 《施工供方管理标准》
C61: 38 | D61: 二级 | E61: 样板区景观施工合同签订 | F61: 成本 | L61: =L82-90 -> 45034 | M61: 售楼处开放前90天 | N61: 售楼处开放前90天 | O61: 售楼处开放前90天 | P61: 售楼处开放前90天 | Q61: 售楼处开放前90天 | R61: 售楼处开放前90天 | S61: 售楼处开放前90天 | T61: 合同流转完成，提交流程审批单 | U61: 1、GTBG91400-2020 《施工供方管理标准》
C62: 39 | D62: 二级 | E62: 案名发布/启动蓄客 | F62: 营销 | L62: =IF(前置信息!$B$8<=4,L93-120,IF(AND(前置信息!$B$8>11,前置信息!$B$8<27),L93-120,L93-90)) -> 45034 | M62: 首次开盘前120天 | N62: 首次开盘前120天 | O62: 首次开盘前90天 | P62: 首次开盘前90天 | Q62: 首次开盘前90天 | R62: 首次开盘前90天 | S62: 首次开盘前90天 | T62: 会议纪要
C63: 40 | D63: 二级 | E63: 批量内装方案设计完成 | F63: 精装修 | L63: =IF(前置信息!$B$10="精装",L25+60,"") -> 45032 | M63: 规划设计方案批复后60天 | N63: 规划设计方案批复后60天 | O63: 规划设计方案批复后60天 | P63: 规划设计方案批复后60天 | Q63: 规划设计方案批复后60天 | R63: 规划设计方案批复后60天 | S63: 规划设计方案批复后60天 | T63: 1、精装修方案设计成果； 2、绿城管理集团图审核心点审查表 ； 3、方案评审会会议纪要； | U63: 1、GTBO24100-2021 《项目运营手册设计弦之精装修设计分弦》； 2、GTBP43002-2020 《住宅类项目室内方案设计评审要点》； 3、各类管控主体《管理审批权限表》；
C64: 41 | D64: 二级 | E64: 园区景观扩初设计完成并通过评审 | F64: 景观 | L64: =L46+30 -> 45032 | M64: 景观方案后30天 | N64: 景观方案后30天 | O64: 景观方案后30天 | P64: 景观方案后30天 | Q64: 景观方案后30天 | R64: 景观方案后30天 | S64: 景观方案后30天 | T64: 1、大区景观扩初设计成果； 2、大区景观扩初设计预评审会议纪要； 3、大区景观扩初设计评审会议纪要； 4、绿城管理集团图审核心点审查表； | U64: 1、GTBP33100-2020 《景观设计评审要点》； 2、各类管控主体《管理审批权限表》;
C65: 42 | D65: 二级 | E65: 智能化施工图完成 | F65: 智能化 | L65: =IF(前置信息!$B$8<=4,L47+25,IF(AND(前置信息!$B$8>11,前置信息!$B$8<27),L47+25,L47+30)) -> 45027 | M65: 智能化方案后25天 | N65: 智能化方案后25天 | O65: 智能化方案后30天 | P65: 智能化方案后30天 | Q65: 智能化方案后30天 | R65: 智能化方案后30天 | S65: 智能化方案后30天 | T65: 1、评审会议纪要 2、意见落实情况表 3、智能化施工图（修改后） | U65: 1、GTBO22100-2021《项目运营手册设计弦之专项设计分弦》; 2、GTH8291-2018《住宅建筑智能化设计导则》
C66: 43 | D66: 二级 | E66: 外立面样板墙现场评审 | F66: 设计 | L66: =L49+30 -> 45032 | M66: 小样定样后30天 | N66: 小样定样后30天 | O66: 小样定样后30天 | P66: 小样定样后30天 | Q66: 小样定样后30天 | R66: 小样定样后30天 | S66: 小样定样后30天 | T66: 1、评审会议纪要 2、影像资料 | U66: 1、GTBO21100-2021 《项目运营手册设计弦之规划设计分弦》
C67: 44 | D67: 二级 | E67: 售楼处土建施工完成 | F67: 工程 | L67: =L89-75 -> 45064 | M67: 售楼处开放前75天 | N67: 售楼处开放前75天 | O67: 售楼处开放前75天 | P67: 售楼处开放前75天 | Q67: 开放前75天 | R67: 售楼处开放前75天 | S67: 售楼处开放前75天 | T67: 施工完成，具备精装修大面施工条件，提供形象进度照片
C68: 45 | D68: 二级 | E68: 样板区软装合同签订（深化设计完成） | F68: 成本 | L68: =L82-90 -> 45034 | M68: 售楼处开放前90天 | N68: 售楼处开放前90天 | O68: 售楼处开放前90天 | P68: 售楼处开放前90天 | Q68: 开放前90天 | R68: 售楼处开放前90天 | S68: 售楼处开放前90天 | T68: 合同流转完成，提交流程审批单 | U68: 1、GTBG91400-2020 《施工供方管理标准》
C69: 46 | D69: 二级 | E69: 户型发布/启动办卡 | F69: 营销 | L69: =IF(AND(前置信息!$B$8>11,前置信息!$B$8<27),L82-90,L82-30) -> 45034 | M69: 售楼处开盘前90天 | N69: 售楼处开盘前30天 | O69: 售楼处开盘前30天 | P69: 售楼处开盘前30天 | Q69: 开盘前30天 | R69: 售楼处开盘前30天 | S69: 售楼处开盘前30天 | T69: 合同约定交付时间确定
C70: 47 | D70: 二级 | E70: 批量内装施工图完成 | F70: 精装修 | L70: =IF(前置信息!$B$10="精装",L41+60,"") -> 45062 | M70: 建筑施工图设计完成后60天 | N70: 建筑施工图设计完成后60天 | O70: 建筑施工图设计完成后60天 | P70: 建筑施工图设计完成后60天 | Q70: 建筑施工图设计完成后60天 | R70: 建筑施工图设计完成后60天 | S70: 建筑施工图设计完成后60天 | T70: 1、精装修施工图成果 ； 2、绿城管理集团图审核心点审查表； 3、精装修施工图评审会会议纪要 ； 4、精装修材料的封样； | U70: 1、GTBO24100-2021 项目运营手册设计弦之精装修设计分弦； 2、GTBP43004-2020 住宅类项目室内施工图设计评审要点 ； 3、各类管控主体《管理审批权限表》；
C71: 48 | D71: 二级 | E71: 批量内装主要材料设备选型完成 | F71: 精装修 | L71: =IF(前置信息!$B$10="精装",L63+30,"") -> 45062 | M71: 精装方案后30天 | N71: 精装方案后30天 | O71: 精装方案后30天 | P71: 精装方案后30天 | Q71: 精装方案后30天 | R71: 精装方案后30天 | S71: 精装方案后30天 | T71: 1、主要材料设备选型成果； 2、批量精装修主要材料设备选型会议纪要。 | U71: 1、GTBO24100-2021 《项目运营手册设计弦之精装修设计分弦》；
C72: 49 | D72: 二级 | E72: 园区景观施工图设计完成并通过评审 | F72: 景观 | L72: =L64+30 -> 45062 | M72: 景观扩初后30天 | N72: 景观扩初后30天 | O72: 景观扩初后30天 | P72: 景观扩初后30天 | Q72: 景观扩初后30天 | R72: 景观扩初后30天 | S72: 景观扩初后30天
C73: 50 | D73: 二级 | E73: 供配电设计合同签订 | F73: 工程 | L73: =L41+60 -> 45062 | M73: 批量施工图设计完成后60天 | N73: 批量施工图设计完成后60天 | O73: 批量施工图设计完成后60天 | P73: 批量施工图设计完成后60天 | Q73: 批量施工图设计完成后60天 | R73: 批量施工图设计完成后60天 | S73: 批量施工图设计完成后60天 | T73: 供配电设计合同 | U73: 1、GTBO31100-2017B 《项目运营手册工程弦之建安工程分弦》
C74: 51 | D74: 二级 | E74: 桩基施工完成 | F74: 工程 | L74: =L53+60 -> 45064 | M74: 施工证取得后60天 | N74: 施工证取得后60天 | O74: 施工证取得后60天 | P74: 施工证取得后60天 | Q74: 施工证取得后60天 | R74: 施工证取得后60天 | S74: 施工证取得后60天 | T74: 总体全部桩基施工完成并具备土方开挖条件
B75: 17 | D75: 一级 | E75: 结构完成至±0（首开区） | F75: 工程 | L75: =L53+60 -> 45064 | M75: 施工证取得后60天 | N75: 施工证取得后60天 | O75: 施工证取得后60天 | P75: 施工证取得后60天 | Q75: 施工证取得后60天 | R75: 施工证取得后60天 | S75: 施工证取得后60天 | T75: 首开区主体结构施工至±0
A76: 4 | D76: 里程碑 | E76: 施工图版目标成本审批完成（目标成本） | F76: 成本 | L76: =L55+60 -> 45065 | M76: 审图完成后60天 | N76: 审图完成后60天 | O76: 审图完成后60天 | P76: 审图完成后60天 | Q76: 审图完成后60天 | R76: 审图完成后60天 | S76: 审图完成后60天 | T76: 主体建安施工图设计完成后（以图审报告为准）45个工作日,且不迟于当期项目首次开盘前15个工作日内 1、流程审批完成，提交流程审批单 2、提供委托方确认单 | U76: 1、GTBO41100-2021 《项目运营手册成本弦》
D77: 三级 | E77: 总包重计量完成 | F77: 成本 | L77: =L41+150 -> 45152 | M77: 施工图完成后150天
C78: 52 | D78: 二级 | E78: 样板房土建施工完成 | F78: 工程 | L78: =IF(前置信息!$B$8<=4,L89-50,IF(AND(前置信息!$B$8>11,前置信息!$B$8<27),L89-50,L89-60)) -> 45089 | M78: 样板房开放前50天 | N78: 样板房开放前50天 | O78: 样板房开放前60天 | P78: 样板房开放前60天 | Q78: 样板房开放前60天 | R78: 样板房开放前60天 | S78: 样板房开放前60天 | T78: 施工完成，提供形象进度照片
C79: 53 | D79: 二级 | E79: 启动认筹 | F79: 营销 | L79: =L93-60 -> 45094 | M79: 首次开盘前60天 | N79: 首次开盘前60天 | O79: 首次开盘前60天 | P79: 首次开盘前60天 | Q79: 首次开盘前60天 | R79: 首次开盘前60天 | S79: 首次开盘前60天 | T79: 会议纪要
C80: 54 | D80: 二级 | E80: 售楼处装修施工完成 | F80: 精装修 | L80: =L82-15 -> 45109 | M80: 开放前15天 | N80: 开放前15天 | O80: 开放前15天 | P80: 开放前15天 | Q80: 开放前15天 | R80: 开放前15天 | S80: 开放前15天 | T80: 施工完成，提供形象进度照片
C81: 55 | D81: 二级 | E81: 展示区景观施工完成 | F81: 景观 | L81: =L82-10 -> 45114 | M81: 开放前10天 | N81: 开放前10天 | O81: 开放前10天 | P81: 开放前10天 | Q81: 开放前10天 | R81: 开放前10天 | S81: 开放前10天 | T81: 施工完成，提供形象进度照片
A82: 5 | D82: 里程碑 | E82: 销售展示中心开放 （售楼处开放） | F82: 营销/产品 | L82: =L93-30 -> 45124 | M82: 首次开盘前30天 | N82: 首次开盘前30天 | O82: 首次开盘前30天 | P82: 首次开盘前30天 | Q82: 首次开盘前30天 | R82: 首次开盘前30天 | S82: 首次开盘前30天 | T82: 流程审批单/销展中心开放
C83: 56 | D83: 二级 | E83: 物业服务单位确定 | F83: 营销 | L83: =L93-30 -> 45124 | M83: 首开前30天 | N83: 首开前30天 | O83: 首开前30天 | P83: 首开前30天 | Q83: 首开前30天 | R83: 首开前30天 | S83: 首开前30天 | T83: 《前期物业服务合同》审批 编制《前期物业服务方案》、《前期物业服务协议》、《临时管理规约》、《业主之约》 | U83: 1、GTBO61100-2021 《项目运营手册服务弦》
B84: 18 | D84: 一级 | E84: 开盘前专项风险评估会 | F84: 客服 | L84: =L93-30 -> 45124 | M84: 首次开盘前30天 | N84: 首次开盘前30天 | O84: 首次开盘前30天 | P84: 首次开盘前30天 | Q84: 首次开盘前30天 | R84: 首次开盘前30天 | S84: 首次开盘前30天 | T84: 开盘前评估会议纪要 | U84: 1、GTBO84100-2021 表06项目（首次）开盘前品牌风险评估表 2、GTBO84100-2021 表07项目（首次）开盘前品牌风险评估决议表
B85: 19 | D85: 一级 | E85: 首次开盘方案评审 | F85: 营销 | L85: =L93-30 -> 45124 | M85: 首次开盘前30天 | N85: 首次开盘前30天 | O85: 首次开盘前30天 | P85: 首次开盘前30天 | Q85: 首次开盘前30天 | R85: 首次开盘前30天 | S85: 首次开盘前30天 | T85: 方案评审会议纪要 | U85: 项目价格表
C86: 57 | D86: 二级 | E86: 销售合同模板审批 | F86: 客服 | L86: =L93-30 -> 45124 | M86: 开盘前30天 | N86: 开盘前30天 | O86: 开盘前30天 | P86: 开盘前30天 | Q86: 开盘前30天 | R86: 开盘前30天 | S86: 开盘前30天 | T86: 销售合同模板审批完成
C87: 58 | D87: 二级 | E87: 样板房装修施工完成 | F87: 精装修 | L87: =L89-10 -> 45129 | M87: 开放前10天 | N87: 开放前10天 | O87: 开放前10天 | P87: 开放前10天 | Q87: 开放前10天 | R87: 开放前10天 | S87: 开放前10天 | T87: 施工完成，提供形象进度照片
C88: 59 | D88: 二级 | E88: 样板区/房验收（景观、精装修、交付样板等） | F88: 运营 | L88: =IF(前置信息!$B$8<=4,L93-25,IF(AND(前置信息!$B$8>11,前置信息!$B$8<27),L93-25,L93-40)) -> 45129 | M88: 首次开盘前25天 | N88: 首次开盘前25天 | O88: 首次开盘前40天 | P88: 首次开盘前40天 | Q88: 首次开盘前40天 | R88: 首次开盘前40天 | S88: 首次开盘前40天 | T88: 样板房/区开放申请表、评价表、评分表（景观、精装修、交付样板等） | U88: 1、GTBG26200-2021 《责任追究管理办法》； 2、GTBG92003-2020 《样板营造管理标准》；
A89: 6 | D89: 里程碑 | E89: 首个样板房/区开放（样板区开放） | F89: 营销/产品 | L89: =IF(前置信息!$B$8<=4,L93-15,IF(AND(前置信息!$B$8>11,前置信息!$B$8<27),L93-15,L93-30)) -> 45139 | M89: 首次开盘前15天 | N89: 首次开盘前15天 | O89: 首次开盘前30天 | P89: 首次开盘前30天 | Q89: 首次开盘前30天 | R89: 首次开盘前30天 | S89: 首次开盘前30天 | T89: 验收表、品牌方案存档
B90: 20 | D90: 一级 | E90: 主体结构达预售条件 | F90: 工程 | L90: =L6+225 -> 45139 | M90: T0后225天 | N90: T0后225天 | O90: T0后225天 | P90: T0后225天 | Q90: T0后225天 | R90: T0后225天 | S90: T0后225天 | T90: 《预售许可证》
A91: 7 | D91: 里程碑 | E91: 取得首批次《预售许可证》 | F91: 前期 | L91: =L93-10 -> 45144 | M91: 首开前10天 | N91: 首开前10天 | O91: 首开前10天 | P91: 首开前10天 | Q91: 首开前10天 | R91: 首开前10天 | S91: 首开前10天 | T91: 重大信息通报/形象进度照片 | U91: 1、GTBO31100-2017B《项目运营手册工程弦之建安分弦》
B92: 21 | D92: 一级 | E92: 一房一价会 | F92: 营销 | L92: =L93-7 -> 45147 | M92: 首次开盘前7天 | N92: 首次开盘前7天 | O92: 首次开盘前7天 | P92: 首次开盘前7天 | Q92: 首次开盘前7天 | R92: 首次开盘前7天 | S92: 首次开盘前7天 | T92: 会议纪要
A93: 8 | D93: 里程碑 | E93: 项目首开 | F93: 营销 | L93: =L6+240 -> 45154 | M93: T0后240天 | N93: T0后240天 | O93: T0后240天 | P93: T0后240天 | Q93: T0后240天 | R93: T0后240天 | S93: T0后240天 | T93: 取得预售许可证并第一次对外销售，首开去化率/重大信息上报
C94: 60 | D94: 二级 | E94: 供配电图纸审查 | F94: 工程 | L94: =L73+90 -> 45152 | M94: 设计合同签订后90天 | N94: 设计合同签订后90天 | O94: 设计合同签订后90天 | P94: 设计合同签订后90天 | Q94: 设计合同签订后90天 | R94: 设计合同签订后90天 | S94: 设计合同签订后90天 | T94: 图纸封面照片（盖有审图章） | U94: 1、GTBO31100-2017B 《项目运营手册工程弦之建安工程分弦》
B95: 22 | D95: 一级 | E95: 首开区主体结构结顶 | F95: 工程 | L95: =IF(前置信息!$B$9="有",'节点计划 (终稿)'!L90+10+12+(前置信息!$B$8-2)*5,'节点计划 (终稿)'!L100-60) -> 45366 | M95: 首开区结构完成至±0后105天 | N95: 首开区结构完成至±0后40天 | O95: 首开区结构完成至±0后40天 | P95: 首开区结构完成至±0后50天 | Q95: 首开区结构完成至±0后70天 | R95: 首开区结构完成至±0后210天 | S95: 首开区结构完成至±0后240天 | T95: 首开全部楼栋主体结构封顶，形象进度照片
C96: 61 | D96: 二级 | E96: 开盘后评估 | F96: 运营 | L96: =L93+30 -> 45184 | M96: 首次开盘后30天内 | N96: 首次开盘后30天内 | O96: 首次开盘后30天内 | P96: 首次开盘后30天内 | Q96: 首次开盘后30天内 | R96: 首次开盘后30天内 | S96: 首次开盘后30天内 | T96: 汇报成果及会议纪要
C97: 62 | D97: 二级 | E97: 供配电施工合同签订 | F97: 工程 | L97: =L94+90 -> 45242 | M97: 供配电图纸后90天 | N97: 供配电图纸后90天 | O97: 供配电图纸后90天 | P97: 供配电图纸后90天 | Q97: 供配电图纸后90天 | R97: 供配电图纸后90天 | S97: 供配电图纸后90天 | T97: 供配电设计合同 | U97: 1、GTBO31100-2017B 《项目运营手册工程弦之建安工程分弦》
A98: 9 | D98: 里程碑 | E98: 完成整体正负零施工 | F98: 工程 | L98: =L6+420 -> 45334 | M98: T0后420天 | N98: T0后420天 | O98: T0后420天 | P98: T0后420天 | Q98: T0后420天 | R98: T0后420天 | S98: T0后420天 | T98: 形象进度照片
B99: 23 | D99: 一级 | E99: 主体达到 1/2 层高 | F99: 工程 | L99: =L98+10+(前置信息!$B$8/2-1)*5 -> 45379 | M99: 正负零后50天 | N99: 正负零后30天 | O99: 正负零后40天 | P99: 正负零后40天 | Q99: 正负零后50天 | R99: 正负零后50天 | S99: 正负零后50天 | T99: 全部楼栋主体结构达到1/2，形象进度照片
A100: 10 | D100: 里程碑 | E100: 主体结构封顶 | F100: 工程 | L100: =L98+10+12+(前置信息!$B$8-2)*5 -> 45426 | M100: T0后585 | N100: T0后510天 | O100: T0后520天 | P100: T0后520天 | Q100: T0后540天 | R100: T0后660天 | S100: T0后690天 | T100: 全部楼栋主体结构封顶，形象进度照片
B101: 24 | D101: 一级 | E101: 批量/公区精装修工程合同签订 | F101: 成本 | L101: =L100+10 -> 45436 | M101: 主体结构封顶后10天 | N101: 主体结构封顶后10天 | O101: 主体结构封顶后10天 | P101: 主体结构封顶后10天 | Q101: 主体结构封顶后10天 | R101: 主体结构封顶后10天 | S101: 主体结构封顶后10天 | T101: 合同流转完成，提交流程审批单 | U101: 1、GTBG91400-2020 《施工供方管理标准》
...

Sheet Sheet1
A40: 容积率 | B40: 地下室层数 | C40: 桩基形式 | D40: 有无开发贷 | E40: 水平支撑层数 | F40: 首开示范区面积 | G40: 地上最高层数 | H40: 有无架空层 | I40: 交付形式 | J40: 有无户内改造 | K40: 外立面形式
A41: 小于2.5 | B41: 1 | C41: 管桩 | D41: 有 | E41: 0 | F41: 小于7000㎡ | H41: 有 | I41: 毛坯 | J41: 有 | K41: 保温涂料
A42: 大于2.5 | B42: 2 | C42: 灌注桩 | D42: 无 | E42: 1 | F42: 大于7000㎡ | H42: 无 | I42: 精装 | J42: 无 | K42: 保温涂料+铝板
E43: 2
E44: 3

Sheet Sheet2
A2: 46217
A3: 46995
A4: =(A3-A2)/30 -> 25.933333
